[
  {
    "icon": "fa fa-home",
    "slug": "external",
    "title": "Volver al inicio",
    "path": "index.html"
  },
  {
    "id": 1,
    "icon": "fa fa-play-circle",
    "slug": "intro",
    "title": "1. Introducción al mundo de la moda",
    "breadcrumb": ["Inicio","intro"],
    "path": "pages/1-tema.html",
    "submenu": [
      {
        "icon": "fa fa-file-text",
        "slug": "intro",
        "title": "1.1 Introducción",
        "anchor": "intro1"
      },
      {
        "icon": "fa fa-file-text",
        "slug": "intro",
        "title": "1.2 ¿Está a la moda?",
        "anchor": "esta"
      },
      {
        "icon": "fa fa-file-text",
        "slug": "intro",
        "title": "1.3 Conocer de moda",
        "anchor": "conocer"
      },
      {
        "icon": "fa fa-file-text",
        "slug": "intro",
        "title": "1.4 Empezar a investigar de moda",
        "anchor": "empezar"
      },
      {
        "icon": "fa fa-file-text",
        "slug": "intro",
        "title": "1.5 Concepto de moda",
        "anchor": "concepto"
      },
      {
        "icon": "fa fa-play-circle",
        "slug": "intro",
        "title": "1.6 Métodos para generar ideas",
        "anchor": "metodos"
      },
      {
        "icon": "fa fa-play-circle",
        "slug": "intro",
        "title": "1.7 Diseñar",
        "anchor": "disenar"
      },
      {
        "icon": "fa fa-file-text",
        "slug": "intro",
        "title": "1.8 Cuerpos y siluetas",
        "anchor": "cuerpos"
      },
      {
        "icon": "fa fa-file-text",
        "slug": "intro",
        "title": "1.9 Proporciones y líneas",
        "anchor": "proporciones"
      },
      {
        "icon": "fa fa-file-text",
        "slug": "intro",
        "title": "1.10 Color",
        "anchor": "color"
      },
      {
        "icon": "fa fa-file-text",
        "slug": "intro",
        "title": "1.11 Tejidos y texturas",
        "anchor": "tejidos"
      },
      {
        "icon": "fa fa-file-text",
        "slug": "intro",
        "title": "1.12 Representación gráfica de las ideas",
        "anchor": "representacion"
      }
    ]
  },
  {
    "id": 2,
    "icon": "fa fa-file-text",
    "slug": "historia",
    "title": "2. Historia de la moda",
    "breadcrumb": ["Inicio","historia"],
    "path": "pages/2-tema.html",
    "submenu": [
      {
        "icon": "fa fa-play-circle",
        "slug": "historia",
        "title": "2.1 Introducción",
        "anchor": "intro2"
      },
      {
        "icon": "fa fa-play-circle",
        "slug": "historia",
        "title": "2.2 Culturas antiguas: Egipto, Mesopotamia, Grecia, Roma",
        "anchor": "culturas"
      },
      {
        "icon": "fa fa-play-circle",
        "slug": "historia",
        "title": "2.3 Edad media",
        "anchor": "edad"
      },
      {
        "icon": "fa fa-play-circle",
        "slug": "historia",
        "title": "2.4 Renacimiento - Barroco – Rococó",
        "anchor": "renacimiento"
      },
      {
        "icon": "fa fa-play-circle",
        "slug": "historia",
        "title": "2.5 Siglos XVIII y XIX",
        "anchor": "siglos"
      },
      {
        "icon": "fa fa-play-circle",
        "slug": "historia",
        "title": "2.6 La moda en el siglo XX: 1910 a 2000",
        "anchor": "XX"
      },
      {
        "icon": "fa fa-file-text",
        "slug": "historia",
        "title": "2.7 La moda en el siglo XXI",
        "anchor": "XXI"
      }
    ]
  }
]